{
  "T": 2.0,
  "N": 1401,
  "R0": [
    [
      1,
      0,
      0
    ],
    [
      0,
      1,
      0
    ],
    [
      0,
      0,
      1
    ]
  ],
  "R1_rotvec": [
    1.7138793021181438,
    -0.8569396510590719,
    1.371103441694515
  ],
  "Omega0": [
    0.8,
    -0.6,
    0.4
  ],
  "Omega1": [
    -0.7,
    1.1,
    -0.6
  ],
  "dotOmega0": [
    0.35,
    0.05,
    -0.25
  ],
  "dotOmega1": [
    -0.15,
    0.3,
    0.2
  ],
  "eta0": [
    0.2,
    -0.1,
    0.45
  ],
  "eta1": [
    -0.25,
    0.35,
    -0.15
  ],
  "zeta0": [
    0.35,
    0.05,
    -0.25
  ],
  "zeta1": [
    -0.15,
    0.3,
    0.2
  ]
}