{
  "T": 6.0,
  "N": 1201,
  "R0": [
    [
      1,
      0,
      0
    ],
    [
      0,
      1,
      0
    ],
    [
      0,
      0,
      1
    ]
  ],
  "R1_rotvec": [
    0.9343283122787159,
    -0.622885541519144,
    1.5572138537978601
  ],
  "Omega0": [
    0.0,
    0.0,
    0.7
  ],
  "Omega1": [
    -0.35,
    0.45,
    0.15
  ],
  "dotOmega0": [
    0,
    0,
    0
  ],
  "dotOmega1": [
    0,
    0,
    0
  ],
  "eta0": [
    0.0,
    0.0,
    0.7
  ],
  "eta1": [
    -0.35,
    0.45,
    0.15
  ],
  "zeta0": [
    0,
    0,
    0
  ],
  "zeta1": [
    0,
    0,
    0
  ]
}