{
  "T": 5.0,
  "N": 1001,
  "R0": [
    [
      1,
      0,
      0
    ],
    [
      0,
      1,
      0
    ],
    [
      0,
      0,
      1
    ]
  ],
  "R1_rotvec": [
    1.2091995761561454,
    1.2091995761561454,
    1.2091995761561454
  ],
  "Omega0": [
    0,
    0,
    0
  ],
  "Omega1": [
    0,
    0,
    0
  ],
  "dotOmega0": [
    0,
    0,
    0
  ],
  "dotOmega1": [
    0,
    0,
    0
  ],
  "eta0": [
    0,
    0,
    0
  ],
  "eta1": [
    0,
    0,
    0
  ],
  "zeta0": [
    0,
    0,
    0
  ],
  "zeta1": [
    0,
    0,
    0
  ]
}